"Date","Facebook","YouTube","Twitter","Pinterest","Instagram","VKontakte","LinkedIn","reddit","Tumblr","Google+","Other"
2019-02,73.29,6.58,4.62,12.5,1.23,0.1,0.22,0.25,0.28,0.89,0.03
2019-03,80.04,4.33,2.88,10.28,1.48,0.11,0.12,0.14,0.15,0.46,0.01
2019-04,73.39,4.85,4.51,14.95,1.35,0.29,0.19,0.16,0.25,0.02,0.02
2019-05,82.28,3.77,2.67,9.57,1.13,0.13,0.14,0.14,0.17,0,0.01
2019-06,82.06,3.83,2.91,9.86,0.83,0.14,0.16,0.06,0.13,0,0.01
2019-07,78.38,4.39,3.8,11.95,0.99,0.15,0.11,0.09,0.15,0,0
2019-08,77.63,5.64,4.3,10.74,1.07,0.19,0.11,0.15,0.18,0,0
2019-09,82.73,4.22,3.56,7.82,1.27,0.11,0.12,0.07,0.09,0,0.01
2019-10,86.65,2.66,3.71,4.68,1.96,0.09,0.08,0.1,0.07,0,0.01
2019-11,82.26,4.4,5.82,5.29,1.9,0.07,0.11,0.06,0.09,0,0
2019-12,82.21,4.76,5.07,5.52,2.12,0.05,0.09,0.06,0.12,0,0.01
2020-01,80.67,4.06,5.55,6.56,2.78,0.06,0.1,0.09,0.12,0,0.01
2020-02,75.77,4.9,5.88,8.74,4.25,0.08,0.09,0.1,0.19,0,0
2020-03,73.67,4.52,12.37,5.55,3.69,0.05,0.05,0.05,0.05,0,0
2020-04,74.53,9.17,9.51,3.97,2.62,0.04,0.05,0.06,0.04,0,0
2020-05,71.53,15.07,6.88,5.24,0.92,0.05,0.11,0.1,0.1,0,0.01
2020-06,75.54,9.47,6.82,6.67,1.01,0.04,0.1,0.16,0.18,0,0
2020-07,80.16,9.47,1.61,7.59,0.71,0.02,0.11,0.17,0.15,0,0.01
2020-08,56.85,7.26,2.06,7.9,0.57,24.91,0.13,0.13,0.19,0,0
2020-09,68.28,12.59,3.01,9.42,0.73,5.5,0.16,0.14,0.16,0,0.01
2020-10,69.19,15.39,3.65,10.83,0.54,0.01,0.12,0.15,0.1,0,0.01
2020-11,61.29,16.93,6.57,13.75,0.73,0.03,0.25,0.31,0.13,0,0.01
2020-12,65.85,14.1,5.05,13.56,0.84,0.02,0.21,0.26,0.1,0,0.02
2021-01,60.09,13.32,12.89,12.72,0.46,0.02,0.16,0.21,0.13,0,0.01
2021-02,57.29,11.86,24.25,5.74,0.38,0.04,0.19,0.16,0.07,0,0.01
2021-03,64.44,5.22,25.68,3.91,0.36,0.02,0.18,0.14,0.05,0,0
2021-04,60.22,4.46,31.69,2.67,0.38,0.12,0.2,0.16,0.1,0,0.01
2021-05,74.98,14.23,5.15,4.19,0.51,0.11,0.3,0.23,0.3,0,0.01
2021-06,75.88,15.19,2.43,4.73,0.71,0.03,0.39,0.23,0.4,0,0.01
2021-07,66.89,9.25,17.95,4.22,0.68,0.02,0.33,0.22,0.42,0,0.01
2021-08,56.13,12.26,24.47,4.97,0.67,0.02,0.47,0.24,0.76,0,0.01
2021-09,57.28,17.25,15.51,7.2,1.17,0.05,0.47,0.56,0.49,0,0.01
2021-10,71.46,13.81,4.73,7.4,1.54,0.05,0.32,0.34,0.34,0,0.02
2021-11,68.65,16.59,3.54,7.8,2,0.04,0.45,0.59,0.32,0,0.03
2021-12,67.82,13.5,7.96,7.1,2.46,0.08,0.46,0.39,0.21,0,0.02
2022-01,82.75,6.31,6.06,2.97,1.22,0.03,0.26,0.25,0.14,0,0.02
2022-02,86.74,6.67,2.06,2.63,1.22,0.02,0.35,0.24,0.05,0,0.01
2022-03,86.97,5.21,4.37,1.84,1.02,0.03,0.3,0.21,0.05,0,0.01
2022-04,81.8,7.81,6.12,2.4,1.2,0.01,0.26,0.31,0.07,0,0.02
2022-05,84.84,7.59,2.6,3.22,1.07,0.03,0.25,0.32,0.08,0,0.01
2022-06,71.31,14.01,7.22,4.52,1.92,0.03,0.48,0.43,0.06,0,0.01
2022-07,78.46,11.27,4.32,3.16,1.63,0.02,0.65,0.4,0.08,0,0.01
2022-08,66.24,19.12,5.51,5.39,2.45,0.04,0.68,0.47,0.09,0,0.01
2022-09,68.44,18.03,4.05,5.52,2.7,0.03,0.74,0.43,0.05,0,0.01
2022-10,82.82,10.04,2,2.98,1.55,0.01,0.38,0.16,0.05,0,0
2022-11,76.16,13.08,2.32,4.59,2.43,0.02,0.77,0.49,0.12,0,0.01
2022-12,48.04,26.56,11.38,7.79,4.57,0.06,0.83,0.58,0.18,0,0.01
2023-01,81.05,11.26,2.57,2.94,1.53,0.02,0.39,0.16,0.06,0,0
2023-02,90.8,5.73,1.17,1.3,0.71,0.01,0.19,0.08,0.01,0,0
2023-03,79.93,13.3,1.67,2.87,1.59,0.01,0.41,0.17,0.04,0,0
2023-04,71.53,18.53,3.29,3.26,2.54,0.03,0.46,0.26,0.09,0,0.01
2023-05,68.47,25.63,1.58,2.14,1.52,0.01,0.29,0.31,0.06,0,0
2023-06,57.84,30.33,4.97,3.12,2.87,0.03,0.48,0.28,0.07,0,0.01
2023-07,48.1,39.09,4.15,4.26,3.42,0.03,0.56,0.33,0.07,0,0
2023-08,53.72,28.76,6.54,5.89,3.55,0.04,0.85,0.55,0.12,0,0
2023-09,46.94,35.48,4.23,7.35,4.89,0.03,0.64,0.37,0.07,0,0
2023-10,53.17,28.97,3.69,6.81,6.43,0.02,0.39,0.41,0.13,0,0
2023-11,65.7,22.94,2.6,4.7,3.27,0.02,0.41,0.3,0.06,0,0
2023-12,34.21,50.39,3,7.2,4.06,0.01,0.54,0.51,0.08,0,0
2024-01,38.37,48.15,2.62,6.34,3.28,0.02,0.52,0.55,0.15,0,0.01
2024-02,46.27,36.55,2.65,7.43,5.67,0.03,0.68,0.62,0.09,0,0.01
